{
  "afrique du sud": "afrique-du-sud",
  "angola": "angola",
  "benin": "benin",
  "botswana": "botswana",
  "burkina faso": "burkina-faso",
  "burundi": "burundi",
  "cameroun": "cameroun",
  "cap-vert": "cap-vert",
  "comores": "comores",
  "congo": "congo",
  "cote d'ivoire": "cote-d-ivoire",
  "djibouti": "djibouti",
  "erythree": "erythree",
  "eswatini": "eswatini",
  "ethiopie": "ethiopie",
  "gabon": "gabon",
  "gambie": "gambie",
  "ghana": "ghana",
  "guinee": "guinee",
  "guinee equatoriale": "guinee-equatoriale",
  "guinee-bissao": "guinee-bissao",
  "kenya": "kenya",
  "lesotho": "lesotho",
  "liberia": "liberia",
  "madagascar": "madagascar",
  "malawi": "malawi",
  "mali": "mali",
  "maurice": "maurice",
  "mauritanie": "mauritanie",
  "mozambique": "mozambique",
  "namibie": "namibie",
  "niger": "niger",
  "nigeria": "nigeria",
  "ouganda": "ouganda",
  "republique centrafricaine": "republique-centrafricaine",
  "republique democratique du congo": "republique-democratique-du-congo",
  "rwanda": "rwanda",
  "sainte-helene": "sainte-helene",
  "sao tome-et-principe": "sao-tome-et-principe",
  "senegal": "senegal",
  "seychelles": "seychelles",
  "sierra leone": "sierra-leone",
  "somalie": "somalie",
  "soudan": "soudan",
  "soudan du sud": "soudan-du-sud",
  "tanzanie": "tanzanie",
  "tchad": "tchad",
  "togo": "togo",
  "zambie": "zambie",
  "zimbabwe": "zimbabwe",
  "antigua-et-barbuda": "antigua-et-barbuda",
  "argentine": "argentine",
  "bahamas": "bahamas",
  "barbade": "barbade",
  "belize": "belize",
  "bolivie": "bolivie",
  "bresil": "bresil",
  "canada": "canada",
  "chili": "chili",
  "colombie": "colombie",
  "costa rica": "costa-rica",
  "cuba": "cuba",
  "dominique": "dominique",
  "equateur": "equateur",
  "etats-unis": "etats-unis",
  "grenade": "grenade",
  "guatemala": "guatemala",
  "guyana": "guyana",
  "haiti": "haiti",
  "honduras": "honduras",
  "jamaique": "jamaique",
  "mexique": "mexique",
  "nicaragua": "nicaragua",
  "panama": "panama",
  "paraguay": "paraguay",
  "perou": "perou",
  "republique dominicaine": "republique-dominicaine",
  "saint-christophe-et-nieves": "saint-christophe-et-nieves",
  "saint-vincent-et-les-grenadines": "saint-vincent-et-les-grenadines",
  "sainte-lucie": "sainte-lucie",
  "salvador": "salvador",
  "suriname": "suriname",
  "trinite-et-tobago": "trinite-et-tobago",
  "uruguay": "uruguay",
  "venezuela": "venezuela",
  "algerie": "algerie",
  "arabie saoudite": "arabie-saoudite",
  "bahrein": "bahrein",
  "egypte": "egypte",
  "emirats arabes unis": "emirats-arabes-unis",
  "irak": "irak",
  "iran": "iran",
  "israel/palestine": "israel-palestine",
  "jordanie": "jordanie",
  "koweit": "koweit",
  "liban": "liban",
  "libye": "libye",
  "maroc": "maroc",
  "oman": "oman",
  "qatar": "qatar",
  "syrie": "syrie",
  "tunisie": "tunisie",
  "yemen": "yemen",
  "afghanistan": "afghanistan",
  "bangladesh": "bangladesh",
  "bhoutan": "bhoutan",
  "birmanie": "birmanie",
  "brunei": "brunei",
  "cambodge": "cambodge",
  "chine": "chine",
  "coree du nord": "coree-du-nord",
  "coree du sud": "coree-du-sud",
  "hong kong": "hong-kong",
  "inde": "inde",
  "indonesie": "indonesie",
  "japon": "japon",
  "kazakhstan": "kazakhstan",
  "kirghizstan": "kirghizstan",
  "laos": "laos",
  "macao": "macao",
  "malaisie": "malaisie",
  "maldives": "maldives",
  "mongolie": "mongolie",
  "nepal": "nepal",
  "ouzbekistan": "ouzbekistan",
  "pakistan": "pakistan",
  "philippines": "philippines",
  "singapour": "singapour",
  "sri lanka": "sri-lanka",
  "tadjikistan": "tadjikistan",
  "taiwan": "taiwan",
  "thailande": "thailande",
  "timor oriental": "timor-oriental",
  "turkmenistan": "turkmenistan",
  "vietnam": "vietnam",
  "albanie": "albanie",
  "allemagne": "allemagne",
  "andorre": "andorre",
  "armenie": "armenie",
  "autriche": "autriche",
  "azerbaidjan": "azerbaidjan",
  "belgique": "belgique",
  "bielorussie": "bielorussie",
  "bosnie-herzegovine": "bosnie-herzegovine",
  "bulgarie": "bulgarie",
  "chypre": "chypre",
  "croatie": "croatie",
  "danemark": "danemark",
  "espagne": "espagne",
  "estonie": "estonie",
  "finlande": "finlande",
  "georgie": "georgie",
  "grece": "grece",
  "groenland": "groenland",
  "hongrie": "hongrie",
  "irlande": "irlande",
  "islande": "islande",
  "italie": "italie",
  "kosovo": "kosovo",
  "lettonie": "lettonie",
  "lituanie": "lituanie",
  "luxembourg": "luxembourg",
  "macedoine du nord": "republique-de-macedoine-du-nord",
  "malte": "malte",
  "moldavie": "moldavie",
  "monaco": "monaco",
  "montenegro": "montenegro",
  "norvege": "norvege",
  "pays-bas": "pays-bas",
  "pologne": "pologne",
  "portugal": "portugal",
  "republique tcheque": "republique-tcheque",
  "roumanie": "roumanie",
  "royaume-uni": "royaume-uni",
  "russie": "russie",
  "saint-marin": "saint-marin",
  "serbie": "serbie",
  "slovaquie": "slovaquie",
  "slovenie": "slovenie",
  "suede": "suede",
  "suisse": "suisse",
  "turquie": "turquie",
  "ukraine": "ukraine",
  "australie": "australie",
  "iles cook": "iles-cook",
  "iles fidji": "iles-fidji",
  "iles salomon": "iles-salomon",
  "nouvelle-zelande": "nouvelle-zelande",
  "papouasie-nouvelle-guinee": "papouasie-nouvelle-guinee",
  "republique des palaos": "republique-des-palaos",
  "samoa": "samoa",
  "tonga": "tonga",
  "vanuatu": "vanuatu",
  "antarctique": "antarctique"
}